famille,animal,sex,Idfather,Idmother,handedness
1_bajawa,1_bajawaego,F,1_bajawafather,1_bajawamother,0.0
1_bajawa,1_bajawaego2,F,1_bajawahusband,1_bajawaego,0.0
3_bajawa,3_bajawaego,F,3_bajawafather,3_bajawamother,0.0
7_langa,7_langaego,M,7_langafather,7_langamother,1.0
8_langa,8_langaego,M,8_langafather,8_langamother,0.0
10_langa,10_langaego,M,10_langafather,10_langamother,0.0
11_langa,11_langaego,M,11_langafather,11_langamother,1.0
12_langa,12_langaego,M,12_langafather,12_langamother,0.0
13_langa,13_langaego,M,13_langafather,13_langamother,0.0
14_langa,14_langaego,M,14_langafather,14_langamother,0.0
15_langa,15_langaego,F,15_langafather,15_langamother,0.0
17_bajawa,17_bajawaego,F,17_bajawafather,17_bajawamother,0.0
19_bajawa,19_bajawaego,F,19_bajawafather,19_bajawamother,0.0
22_bajawa,22_bajawaego,F,22_bajawafather,22_bajawamother,0.0
23_bajawa,23_bajawaego,M,23_bajawafather,23_bajawamother,0.0
24_cuncalawar,24_cuncalawarego,M,24_cuncalawarfather,24_cuncalawarmother,0.0
25_cuncalawar,25_cuncalawarego26,M,25_cuncalawarfather,25_cuncalawarmother,0.0
25_cuncalawar,25_cuncalawarego,M,25_cuncalawarfather,25_cuncalawarmother,0.0
27_cuncalawar,27_cuncalawarego,M,27_cuncalawarfather,27_cuncalawarmother,0.0
28_ruteng,28_rutengego,F,28_rutengfather,28_rutengmother,0.0
28_ruteng,28_rutengego32,F,28_rutenghusband,28_rutengego,0.0
28_ruteng,28_rutengego29,F,28_rutenghusbandc1,28_rutengc1,0.0
31_ruteng,31_rutengego,M,31_rutengfather,31_rutengmother,0.0
33_ruteng,33_rutengego,M,33_rutengfather,33_rutengmother,0.0
34_ruteng,34_rutengego,M,34_rutengfather,34_rutengmother,0.0
35_ruteng,35_rutengego,M,35_rutengfather,35_rutengmother,0.0
36_ruteng,36_rutengego,F,36_rutengfather,36_rutengmother,0.0
37_ruteng,37_rutengego,F,37_rutengfather,37_rutengmother,0.0
38_ruteng,38_rutengego,F,38_rutengfather,38_rutengmother,0.0
39_ruteng,39_rutengego,F,39_rutengfather,39_rutengmother,0.0
40_ruteng,40_rutengego,M,40_rutengfather,40_rutengmother,0.0
41-ruteng,41-rutengego,F,41-rutengfather,41-rutengmother,0.0
42_cuncalawar,42_cuncalawarego,M,42_cuncalawarfather,42_cuncalawarmother,0.0
44_cuncalawar,44_cuncalawarego,F,44_cuncalawarfather,44_cuncalawarmother,0.0
45_cuncalawar,45_cuncalawarego,M,45_cuncalawarfather,45_cuncalawarmother,0.0
46_cuncalawar,46_cuncalawarego,M,46_cuncalawarfather,46_cuncalawarmother,0.0
46_cuncalawar,46_cuncalawarego43,F,46_cuncalawarfather43,46_cuncalawarmother43,0.0
47_cuncalawar,47_cuncalawarego,M,47_cuncalawarfather,47_cuncalawarmother,0.0
48_cuncalawar,48_cuncalawarego,M,48_cuncalawarfather,48_cuncalawarmother,0.0
49_cuncalawar,49_cuncalawarego,M,49_cuncalawarfather,49_cuncalawarmother,0.0
50_ruteng,50_rutengego,M,50_rutengfather,50_rutengmother,0.0
51_ruteng,51_rutengego,F,51_rutengfather,51_rutengmother,0.0
52_ruteng,52_rutengego,M,52_rutengfather,52_rutengmother,0.0
53_ruteng,53_rutengego,F,53_rutengfather,53_rutengmother,0.0
53_ruteng,53_rutengego2,M,53_rutengfatherb,53_rutengmotherb,0.0
55_ruteng,55_rutengego,M,55_rutengfather,55_rutengmother,1.0
56_Bouwa,56_Bouwaego,F,56_Bouwafather,56_Bouwamother,0.0
57_Bouwa,57_Bouwaego,M,57_Bouwafather,57_Bouwamother,0.0
58_Bouwa,58_Bouwaego,M,58_Bouwafather,58_Bouwamother,0.0
59_Bouwa,59_Bouwaego,M,59_Bouwafather,59_Bouwamother,0.0
59_Bouwa,59_Bouwaego2,F,59_Bouwasmother3,59_BouwaO10,0.0
60_Bouwa,60_Bouwaego,F,60_Bouwafather,60_Bouwamother,0.0
62_Bouwa,62_Bouwaego,F,62_Bouwafather,62_Bouwamother,0.0
64_Bouwa,64_Bouwaego,M,64_Bouwafather,64_Bouwamother,1.0
65_Bouwa,65_Bouwaego,M,65_Bouwafather,65_Bouwamother,0.0
66_Bouwa,66_Bouwaego,M,66_Bouwafather,66_Bouwamother,0.0
69_Bouwa,69_Bouwaego,F,69_Bouwafather,69_Bouwamother,0.0
69_Bouwa,69_Bouwaego70boua,M,69_Bouwashusband7hus,69_Bouwashusband7,0.0
69_Bouwa,69_BouwaOego70boua1,F,69_Bouwafather3,69_Bouwamother3,0.0
69_Bouwa,69_BouwaOego70boua2,M,69_Bouwafather3,69_Bouwamother3,0.0
69_Bouwa,69_BouwaOego70boua3,F,69_Bouwafather3,69_Bouwamother3,0.0
69_Bouwa,69_BouwaOego70boua4,F,69_Bouwafather3,69_Bouwamother3,0.0
69_Bouwa,69_BouwaOego70boua6,F,69_Bouwafather3,69_Bouwamother3,0.0
69_Bouwa,69_BouwaOego70boua7,M,69_Bouwafather3,69_Bouwamother3,0.0
72_Bouwa,72_Bouwaego,M,72_Bouwafather,72_Bouwamother,0.0
73_Bouwa,73_Bouwaego,M,73_Bouwafather,73_Bouwamother,0.0
76_Langa,76_Langaego,M,76_Langafather,76_Langamother,0.0
77_Langa,77_Langaego,M,77_Langafather,77_Langamother,1.0
78_Langa,78_Langaego,M,78_Langafather,78_Langamother,0.0
79_Langa,79_Langaego,M,79_Langafather,79_Langamother,0.0
80_Langa,80_Langaego,M,80_Langafather,80_Langamother,0.0
81_Langa,81_Langaego,M,81_Langafather,81_Langamother,0.0
82-bena,82-benaego,M,82-benafather,82-benamother,0.0
82-bena,82-benaego2,M,82-benao2,82-benawifeo2,0.0
84_bena,84_benaego,M,84_benafather,84_benamother,0.0
85_bena,85_benaego,M,85_benafather,85_benamother,0.0
86_bena,86_benaego,M,86_benafather,86_benamother,0.0
87_dariwali,87_dariwaliego,M,87_dariwalifather,87_dariwalimother,0.0
88_dariwali,88_dariwaliego,M,88_dariwalifather,88_dariwalimother,0.0
89_dariwali,89_dariwaliego,M,89_dariwalifather,89_dariwalimother,0.0
89_dariwali,89_dariwaliego90,F,89_dariwalifather90,89_dariwalimother90,0.0
89_dariwali,89_dariwalihusego90,M,,,0.0
89_dariwali,89_dariwaliego91,F,89_dariwaliO6,89_dariwalis1mother90,0.0
89_dariwali,89_dariwaliego91husband,M,,,0.0
92_dariwali,92_dariwaliego,M,92_dariwalifather,92_dariwalimother,0.0
93_dariwali,93_dariwaliego,M,93_dariwalifather,93_dariwalimother,0.0
94_dariwali,94_dariwaliego,M,94_dariwalifather,94_dariwalimother,0.0
95_dariwali,95_dariwaliego,F,95_dariwalifather,95_dariwalimother,0.0
96_dariwali,96_dariwaliego,M,96_dariwalifather,96_dariwalimother,0.0
97_seso,97_sesoego,F,97_sesofather,97_sesomother,0.0
98_seso,98_sesoego,F,98_sesofather,98_sesomother,1.0
99_mulu,99_muluego,M,99_mulufather,99_mulumother,0.0
100_mulu,100_muluego,M,100_mulufather,100_mulumother,0.0
100_mulu,100_mulu103ego,F,100_mulu103muluo5,100_mulu103muluo5w,1.0
102_mulu,102_muluego,M,102_mulufather,102_mulumother,0.0
104_mulu,104_muluego,M,104_mulufather,104_mulumother,0.0
105_mulu,105_muluego,F,105_mulufather,105_mulumother,0.0
106_wangka,106_wangkaego,F,106_wangkafather,106_wangkamother,0.0
106_wangka,106_wangkaego107,M,106_wangkafather107,106_wangkamother107,0.0
108_wangka,108_wangkaego,F,108_wangkafather,108_wangkamother,0.0
109_wangka,109_wangkaego,M,109_wangkafather,109_wangkamother,0.0
110_wangka,110_wangkaego,F,110_wangkafather,110_wangkamother,0.0
111_wangka,111_wangkaego,M,111_wangkafather,111_wangkamother,0.0
112_wangka,112_wangkaego,M,112_wangkafather,112_wangkamother,0.0
115_wangka,115_wangkaego,M,115_wangkafather,115_wangkamother,0.0
116_bowae,116_bowaeego,M,116_bowaefather,116_bowaemother,1.0
117_bowae,117_bowaeego,M,117_bowaefather,117_bowaemother,0.0
118_bowae,118_bowaeego,M,118_bowaefather,118_bowaemother,1.0
119_aigela,119_aigelaego,M,119_aigelafather,119_aigelamother,0.0
120_aigela,120_aigelaego,M,120_aigelafather,120_aigelamother,0.0
121_aigela,121_aigelaego,M,121_aigelafather,121_aigelamother,1.0
122_olaiya,122_olaiyaego,M,122_olaiyafather,122_olaiyamother,0.0
123_olaiya,123_olaiyaego,M,123_olaiyafather,123_olaiyamother,0.0
124_dam,124_damego,M,124_damfather,124_dammother,0.0
124_dam,124_dam125damego,M,124_dams1husband,124_dams1,1.0
126_dam,126_damego,F,126_damfather,126_dammother,0.0
126_dam,126_dam128_ego,F,126_damhusband,126_damego,0.0
127_danga,127_dangaego,M,127_dangafather,127_dangamother,0.0
127_dam,127_damego,M,127_damfather,127_dammother,0.0
128_danga,128_dangaego,M,128_dangafather,128_dangamother,1.0
129_danga,129_dangaego,F,129_dangafather,129_dangamother,1.0
129b_aeramo,129b_aeramoego,M,129b_aeramofather,129b_aeramomother,0.0
130_aeramo,130_aeramoego,M,130_aeramofather,130_aeramomother,0.0
131_aeramo,131_aeramoego,M,131_aeramofather,131_aeramomother,0.0
132_aeramo,132_aeramoego,M,132_aeramofather,132_aeramomother,0.0
133_dhawe,133_dhaweego,F,133_dhawefather,133_dhawemother,0.0
135_dhawe,135_dhaweego,M,135_dhawefather,135_dhawemother,0.0
136_dhawe,136_dhaweego,M,136_dhawefather,136_dhawemother,0.0
137_dhawe,137_dhaweego,M,137_dhawefather,137_dhawemother,0.0
139_dhawe,139_dhaweego,M,139_dhawefather,139_dhawemother,0.0
140_dhawe,140_dhaweego,F,140_dhawefather,140_dhawemother,0.0
141_dhawe,141_dhaweego,F,141_dhawefather,141_dhawemother,0.0
142_dhawe,142_dhaweego,M,142_dhawefather,142_dhawemother,0.0
143_dhawe,143_dhaweego,M,143_dhawefather,143_dhawemother,0.0
144_dhawe,144_dhaweego,M,144_dhawefather,144_dhawemother,0.0
145_lengkosambi,145_lengkosambiego,M,145_lengkosambifather,145_lengkosambimother,1.0
146_lengkosambi,146_lengkosambiego,F,146_lengkosambifather,146_lengkosambimother,0.0
147_lengkosambi,147_lengkosambiego,F,147_lengkosambifather,147_lengkosambimother,0.0
148_lengkosambi,148_lengkosambiego,M,148_lengkosambifather,148_lengkosambimother,0.0
149_lengkosambi,149_lengkosambiego,M,149_lengkosambifather,149_lengkosambimother,0.0
151_lengkosambi,151_lengkosambiego,M,151_lengkosambifather,151_lengkosambimother,0.0
152_lengkosambi,152_lengkosambiego,M,152_lengkosambifather,152_lengkosambimother,0.0
153_lengkosambi,153_lengkosambiego,M,153_lengkosambifather,153_lengkosambimother1,1.0
155_lengkosambi,155_lengkosambiego,M,155_lengkosambifather,155_lengkosambimother,0.0
156_kadhaebo,156_kadhaeboego,M,156_kadhaebofather,156_kadhaebomother,0.0
157_kadhaebo,157_kadhaeboego,M,157_kadhaebofather,157_kadhaebomother,0.0
158_kadhaebo,158_kadhaeboego,M,158_kadhaebofather,158_kadhaebomother,0.0
159_nataite,159_nataiteego,M,159_nataitefather,159_nataitemother,0.0
160_nataite,160_nataiteego,F,160_nataitefather,160_nataitemother,0.0
163_warukasu,163_warukasuego,M,163_warukasufather,163_warukasumother,0.0
164_Mbua,164_Mbuaego,M,164_Mbuafather,164_Mbuamother,0.0
165_wajakea,165_wajakeaego,M,165_wajakeafather,165_wajakeamother,0.0
166_wajakea,166_wajakeaego,M,166_wajakeafather,166_wajakeamother,0.0
169_wajakea,169_wajakeaego,M,169_wajakeafather,169_wajakeamother,0.0
170_numbarara,170_numbararaego,M,170_numbararafather,170_numbararamother,0.0
171_numbarara,171_numbararaego,M,,,0.0
172_woedoa,172_woedoaego,M,172_woedoafather,172_woedoamother,0.0
173_woedoa,173_woedoaego,M,173_woedoafather,173_woedoamother,0.0
174_ulupulu,174_ulupuluego,M,174_ulupulufather,174_ulupulumother,0.0
175_ulupulu,175_ulupuluego,M,175_ulupulufather,175_ulupulumother,1.0
176_ulupulu,176_ulupuluego,M,176_ulupulufather,176_ulupulumother,0.0
177_raja,177_rajaego,M,177_rajafather,177_rajamother,0.0
178_raja,178_rajaego,M,178_rajafather,178_rajamother,0.0
179_raja,179_rajaego,M,179_rajafather,179_rajamother,0.0
180_raja,180_rajaego,M,180_rajafather,180_rajamother,0.0
180_wolowea,180_woloweaego,M,180_woloweafather,180_woloweamother,0.0
182_nageoga,182_nageogaego,M,182_nageogafather,182_nageogamother,0.0
183_nageoga,183_nageogaego,M,183_nageogafather,183_nageogamother,0.0
184_nageoga,184_nageogaego,M,184_nageogafather,184_nageogamother,0.0
185_nageoga,185_nageogaego,M,185_nageogafather,185_nageogamother,0.0
186_nageoga,186_nageogaego,M,186_nageogafather,186_nageogamother,0.0
187_jawalaghi,187_jawalaghiego,M,187_jawalaghifather,187_jawalaghimother,0.0
188_jawalaghi,188_jawalaghiego,M,188_jawalaghifather,188_jawalaghimother,1.0
189_jawalaghi,189_jawalaghiego,M,189_jawalaghifather,189_jawalaghimother,0.0
190_jawalaghi,190_jawalaghiego,M,190_jawalaghifather,190_jawalaghimother,0.0
191_bajawa,191_bajawaego,M,191_bajawafather,191_bajawamother,0.0
192_bajawa,192_bajawaego,M,192_bajawafather,192_bajawamother,0.0
193_bajawa,193_bajawaego,M,193_bajawas1,193_bajawas1wife,0.0
194_bajawa,194_bajawaego,M,194_bajawafather,194_bajawamother,1.0
195_bajawa,195_bajawaego,M,195_bajawafather,195_bajawamother,1.0
196_bajawa,196_bajawaego,M,196_bajawafather,196_bajawamother,0.0
197_bajawa,197_bajawaego,M,197_bajawafather,197_bajawamother,0.0
006_sik,006_sikego,F,006_sikfather,006_sikmother,1.0
007_sik,007_sikego,F,007_sikfather,007_sikmother,1.0
008_sik,008_sikego,F,008_sikfather,008_sikmother,1.0
009_sik,009_sikego,F,009_sikfather,009_sikmother,1.0
010_sik,010_sikego,M,010_sikfather,010_sikmother,1.0
011_sik,011_sikego,M,011_sikfather,011_sikmother,1.0
012_sik,012_sikego,M,012_sikfather,012_sikmother,0.0
013_sik,013_sikego,M,,,0.0
014_sik,014_sikego,M,014_sikfather,014_sikmother,0.0
015_sik,015_sikego,M,015_sikfather,015_sikmother,0.0
018_sik,018_sikego,M,018_sikfather,018_sikmother,1.0
019_sik,019_sikego,M,019_sikfather,019_sikmother,0.0
020_sik,020_sikego,M,020_sikfather,020_sikmother,0.0
021_sik,021_sikego,M,021_sikfather,021_sikmother,0.0
023_sik,023_sikego,F,023_sikfather,023_sikmother,1.0
024_sik,024_sikego,F,024_sikfather,024_sikmother,1.0
025_sik,025_sikego,M,025_sikfather,025_sikmother,0.0
025_sik,025_sikego22,F,025_sikego,025_sikwife,1.0
025_sik,025_sikhusbandego22,M,,,0.0
026_end,026_endego,M,026_endfather,026_endmother,1.0
027_end,027_endego,M,027_endfather,027_endmother,0.0
028_end,028_endego,M,028_endfather,028_endmother,1.0
029_end,029_endego,M,029_endfather,029_endmother,0.0
030_end,030_endego,M,030_endfather,030_endmother,0.0
031_end,031_endego,M,031_endfather,031_endmother,1.0
032_end,032_endego,M,032_endfather,032_endmother,0.0
033_end,033_endego,M,033_endfather,033_endmother,0.0
034_end,034_endego,M,034_endfather,034_endmother,0.0
035_end,035_endego,M,035_endfather,035_endmother,1.0
037_end,037_endego,F,037_endfather,037_endmother,1.0
038_end,038_endego,F,038_endfather,038_endmother,0.0
039_end,039_endego,F,039_endfather,039_endmother,0.0
040_end,040_endego,F,040_endfather,040_endmother,1.0
041_end,041_endego,M,041_endfather,041_endmother,0.0
042_end,042_endego,M,042_endfather,042_endmother,0.0
043_sik,043_sikego,M,043_sikfather,043_sikmother,0.0
044_sik,044_sikego,M,044_sikfather,044_sikmother,0.0
046_sik,046_sikego,M,046_sikfather,046_sikmother,0.0
047_end,047_endego,F,047_endfather,047_endmother,1.0
049_end,049_endego,M,049_endfather,049_endmother,0.0
050_end,050_endego,M,050_endfather,050_endmother,0.0
052_end,052_endego,M,052_endfather,052_endmother,1.0
053_end,053_endego,M,053_endfather,053_endmother,0.0
054_sik,054_sikego,M,054_sikfather,054_sikmother,0.0
055_end,055_endego,M,055_endfather,055_endmother,0.0
056_end,056_endego,M,056_endfather,056_endmother,0.0
057_end,057_endego,M,057_endfather,057_endmother,1.0
057_end,057_endego058,M,057_endfather,057_endmother,1.0
057_end,057_endego060,M,057_endGP1,057_endGP2,0.0
059_end,059_endego,M,059_endfather,059_endmother,1.0
061_end,061_endego,M,061_endfather,061_endmother,0.0
062_end,062_endego,M,062_endfather,062_endmother,0.0
063_end,063_endego,M,063_endfather,063_endmother,0.0
064_end,064_endego,M,064_endfather,064_endmother,0.0
064_end,064_endego068,M,064_endS1husband,064_ends1,0.0
065_end,065_endego,M,065_endfather,065_endmother,0.0
066_end,066_endego,M,066_endfather,066_endmother,0.0
066_end,066_endego067,F,066_endego,066_endwife,0.0
069_end,069_endego,M,069_endfather,069_endmother,1.0
070_end,070_endego,M,070_endfather,070_endmother,0.0
071_end,071_endego,M,071_endfather,071_endmother,0.0
072_end,072_endego,M,072_endfather,072_endmother,0.0
073_end,073_endego,M,073_endfather,073_endmother,0.0
075_end,075_endego,M,075_endfather,075_endmother,1.0
075_end,075_endego077,M,075_endfather,075_endmother,1.0
075_end,075_endego078,F,075_endi1,075_endi2,1.0
076_end,076_endego,M,076_endfather,076_endmother,0.0
079_end,079_endego,M,079_endfather,079_endmother,0.0
079_end,079_endego081,F,079_endi1,079_endi2,0.0
080_end,080_endego,M,080_endfather,080_endmother,0.0
082_end,082_endego,M,082_endfather,082_endmother,1.0
083_end,083_endego,M,083_endfather,083_endmother,0.0
084_end,084_endego,M,084_endfather,084_endmother,0.0
085_end,085_endego,F,085_endfather,085_endmother,0.0
085_end,085_endego094,F,085_ends2husband,085_ends2,0.0
085_end,085_endego092,M,085_ends3,085_ends3wife,1.0
086_end,086_endego091,F,086_endfather,086_endmother,0.0
086_end,086_endego,F,086_endfather,086_endmother,0.0
086_end,086_endego093,M,,,0.0
088_end,088_endego,F,088_endfather,088_endmother,0.0
090_end,090_endego,F,090_endfather,090_endmother,0.0
095_end,095_endego,M,095_endfather,095_endmother,0.0
096_end,096_endego,M,096_endfather,096_endmother,1.0
097_end,097_endego,F,097_endfather,097_endmother,0.0
098_end,098_endego,M,098_endfather,098_endmother,0.0
099_end,099_endego,M,099_endfather,099_endmother,1.0
100_end,100_endego,F,100_endfather,100_endmother,0.0
101_end,101_endego,F,101_endfather,101_endmother,0.0
102_end,102_endego,M,102_endfather,102_endmother,0.0
103_end,103_endego,M,103_endfather,103_endmother,1.0
104_end,104_endego,M,104_endfather,104_endmother,0.0
105_end,105_endego,F,105_endfather,105_endmother,0.0
105_end,105_endego105,F,105_endi1,105_endi2,0.0
107_end,107_endego,F,107_endfather,107_endmother,0.0
114_end,114_endego,M,114_endfather,114_endmother,0.0
115_end,115_endego,F,115_endfather,115_endmother,0.0
116_end,116_endego,M,116_endfather,116_endmother,0.0
119_end,119_endego,M,119_endfather,119_endmother,0.0
120_end,120_endego,M,120_endfather,120_endmother,0.0
121_end,121_endego,M,121_endfather,121_endmother,0.0
122_end,122_endego,M,122_endfather,122_endmother,1.0
123_end,123_endego,M,123_endfather,123_endmother,0.0
124_end,124_endego,M,124_endfather,124_endmother,0.0
125_end,125_endego,M,125_endfather,125_endmother,0.0
126_end,126_endego,M,126_endfather,126_endmother,0.0
127_end,127_endego,M,127_endfather,127_endmother,0.0
128_end,128_endego,M,128_endfather,128_endmother,0.0
129_end,129_endego,M,129_endfather,129_endmother,0.0
130_end,130_endego,M,130_endfather,130_endmother,0.0
131_sik,131_sikego,M,131_sikfather,131_sikmother,1.0
136_sik,136_sikego,M,136_sikfather,136_sikmother,1.0
138_sik,138_sikego,M,138_sikfather,138_sikmother,0.0
139_sik,139_sikego,M,139_sikfather,139_sikmother,0.0
140_sik,140_sikego,M,140_sikfather,140_sikmother,0.0
141_sik,141_sikego,M,141_sikfather,141_sikmother,0.0
142_sik,142_sikego,M,142_sikfather,142_sikmother,0.0
143_sik,143_sikego,F,143_sikfather,143_sikmother,0.0
144_sik,144_sikego,M,144_sikfather,144_sikmother,0.0
145_sik,145_sikego,M,145_sikfather,145_sikmother,0.0
146_sik,146_sikego,F,146_sikfather,146_sikmother,0.0
147_sik,147_sikego,M,147_sikfather,147_sikmother,0.0
148_sik,148_sikego,M,148_sikfather,148_sikmother,0.0
150_sik,150_sikego,M,150_sikfather,150_sikmother,0.0
151_sik,151_sikego,F,151_sikfather,151_sikmother,0.0
151_sik,151_sikego149,M,151_sikhusband,151_sikego,1.0
152_sik,152_sikego,F,152_sikfather,152_sikmother,1.0
153_sik,153_sikego,M,153_sikfather,153_sikmother,0.0
154_sik,154_sikego,M,154_sikfather,154_sikmother,1.0
155_sik,155_sikego,M,155_sikfather,155_sikmother,0.0
156_sik,156_sikego,F,156_sikfather,156_sikmother,0.0
157_sik,157_sikego,M,157_sikfather,157_sikmother,0.0
158_sik,158_sikego,M,158_sikfather,158_sikmother,0.0
159_sik,159_sikego,M,159_sikfather,159_sikmother,0.0
160_sik,160_sikego,M,160_sikfather,160_sikmother,0.0
165_sik,165_sikego,F,165_sikfather,165_sikmother,0.0
166_sik,166_sikego,M,166_sikfather,166_sikmother,1.0
167_sik,167_sikego168,M,167_sikfather,167_sikmother,0.0
167_sik,167_sikego,M,167_sikGP1,167_sikGP2,1.0
169_sik,169_sikego,M,169_sikfather,169_sikmother,0.0
170_sik,170_sikego,M,170_sikfather,170_sikmother,0.0
171_sik,171_sikego,F,171_sikfather,171_sikmother,0.0
172_sik,172_sikego,F,172_sikfather,172_sikmother,0.0
173_sik,173_sikego,M,173_sikfather,173_sikmother,0.0
174_sik,174_sikego,M,174_sikfather,174_sikmother,0.0
175_sik,175_sikego,M,175_sikfather,175_sikmother,0.0
176_sik,176_sikego,F,176_sikfather,176_sikmother,0.0
177_sik,177_sikego,F,177_sikfather,177_sikmother,0.0
178_sik,178_sikego,M,178_sikfather,178_sikmother,0.0
179_sik,179_sikego,M,179_sikfather,179_sikmother,1.0
180_sik,180_sikego,M,180_sikfather,180_sikmother,0.0
181_sik,181_sikego,M,181_sikfather,181_sikmother,1.0
182_sik,182_sikego,M,182_sikfather,182_sikmother,1.0
183_sik,183_sikego,M,183_sikfather,183_sikmother,0.0
184_sik,184_sikego,F,184_sikfather,184_sikmother,0.0
185_sik,185_sikego,M,185_sikfather,185_sikmother,0.0
187_sik,187_sikego,F,187_sikfather,187_sikmother,0.0
188_sik,188_sikego,M,188_sikfather,188_sikmother,0.0
189_sik,189_sikego,M,189_sikfather,189_sikmother,1.0
190_sik,190_sikego,M,190_sikfather,190_sikmother,0.0
191_sik,191_sikego,M,191_sikfather,191_sikmother,1.0
192_sik,192_sikego,M,192_sikfather,192_sikmother,0.0
193_sik,193_sikego,M,193_sikfather,193_sikmother,0.0
194_sik,194_sikego,M,194_sikfather,194_sikmother,0.0
195_sik,195_sikego,M,195_sikfather,195_sikmother,0.0
196_sik,196_sikego,F,196_sikfather,196_sikmother,1.0
197_sik,197_sikego,M,197_sikfather,197_sikmother,0.0
198_sik,198_sikego,M,198_sikfather,198_sikmother,0.0
199_sik,199_sikego,F,199_sikfather,199_sikmother,1.0
200_sik,200_sikego,M,200_sikfather,200_sikmother,1.0
201_sik,201_sikego,M,201_sikfather,201_sikmother,0.0
202_sik,202_sikego,M,202_sikfather,202_sikmother,0.0
203_sik,203_sikego,M,203_sikfather,203_sikmother,0.0
204_ftm,204_ftmego,F,204_ftmfather,204_ftmmother,0.0
205_ftm,205_ftmego,F,205_ftmfather,205_ftmmother,1.0
206_ftm,206_ftmego,F,206_ftmfather,206_ftmmother,1.0
207_ftm,207_ftmego,M,207_ftmfather,207_ftmmother,0.0
207_ftm,207_ftmego208,F,207_ftmi1,207_ftmi2,0.0
209_ftm,209_ftmego211,F,209_ftmfather,209_ftmmother,0.0
209_ftm,209_ftmego,F,209_ftmfather,209_ftmmother,0.0
210_ftm,210_ftmego,F,210_ftmfather,210_ftmmother,0.0
212_ftm,212_ftmego,M,212_ftmfather,212_ftmmother,0.0
213_ftm,213_ftmego,M,213_ftmfather,213_ftmmother,0.0
214_ftm,214_ftmego,M,214_ftmfather,214_ftmmother,0.0
215_ftm,215_ftmego,M,215_ftmfather,215_ftmmother,0.0
217_ftm,217_ftmego,F,217_ftmfather,217_ftmmother,0.0
218_ftm,218_ftmego,M,218_ftmfather,218_ftmmother,0.0
219_ftm,219_ftmego,M,219_ftmfather,219_ftmmother,1.0
221_ftm,221_ftmego223,M,221_ftmfather,221_ftmmother,0.0
221_ftm,221_ftmego,F,221_ftmfather,221_ftmmother,1.0
221_ftm,221_ftmego220,M,221_ftmi1,221_ftmi2,0.0
222_ftm,222_ftmego,M,222_ftmfather,222_ftmmother,0.0
224_ftm,224_ftmego,M,224_ftmfather,224_ftmmother,0.0
225_ftm,225_ftmego,M,225_ftmfather,225_ftmmother,0.0
226_ftm,226_ftmego,M,226_ftmfather,226_ftmmother,1.0
227_ftm,227_ftmego,M,227_ftmfather,227_ftmmother,0.0
228_ftm,228_ftmego,M,228_ftmfather,228_ftmmother,0.0
229_ftm,229_ftmego,M,229_ftmfather,229_ftmmother,0.0
230_ftm,230_ftmego,M,230_ftmfather,230_ftmmother,1.0
231_ftm,231_ftmego,M,231_ftmfather,231_ftmmother,0.0
232_ftm,232_ftmego,F,232_ftmfather,232_ftmmother,0.0
233_ftm,233_ftmego,F,233_ftmfather,233_ftmmother,0.0
234_ftm,234_ftmego,M,234_ftmfather,234_ftmmother,0.0
235_ftm,235_ftmego,M,235_ftmfather,235_ftmmother,0.0
236_ftm,236_ftmego,M,236_ftmfather,236_ftmmother,0.0
237_ftm,237_ftmego,M,237_ftmfather,237_ftmmother,0.0
238_ftm,238_ftmego,M,238_ftmfather,238_ftmmother,0.0
239_ftm,239_ftmego,M,239_ftmfather,239_ftmmother,0.0
240_ftm,240_ftmego,M,240_ftmfather,240_ftmmother,0.0
241_ftm,241_ftmego,F,241_ftmfather,241_ftmmother,1.0
243_ftm,243_ftmego,M,243_ftmfather,243_ftmmother,0.0
245_ftm,245_ftmego,M,245_ftmfather,245_ftmmother,0.0
246_ftm,246_ftmego,M,246_ftmfather,246_ftmmother,0.0
247_ftm,247_ftmego,M,247_ftmfather,247_ftmmother,1.0
248_ftm,248_ftmego,M,248_ftmfather,248_ftmmother,0.0
249_ftm,249_ftmego,M,249_ftmfather,249_ftmmother,0.0
250_ftm,250_ftmego,M,250_ftmfather,250_ftmmother,0.0
251_ftm,251_ftmego,M,251_ftmfather,251_ftmmother,0.0
252_ftm,252_ftmego,M,252_ftmfather,252_ftmmother,1.0
254_ftm,254_ftmego,M,254_ftmfather,254_ftmmother,0.0
255_ftm,255_ftmego,M,255_ftmfather,255_ftmmother,0.0
256_ftm,256_ftmego,M,256_ftmfather,256_ftmmother,0.0
257_ftm,257_ftmego,M,257_ftmfather,257_ftmmother,0.0
258_ftm,258_ftmego,F,258_ftmfather,258_ftmmother,0.0
260_ftm,260_ftmego,M,260_ftmfather,260_ftmmother,0.0
261_ftm,261_ftmego,M,261_ftmfather,261_ftmmother,0.0
263_ftm,263_ftmego,M,263_ftmfather,263_ftmmother,0.0
264_ftm,264_ftmego,M,264_ftmfather,264_ftmmother,0.0
265_ftm,265_ftmego,F,265_ftmfather,265_ftmmother,0.0
266_ftm,266_ftmego,F,266_ftmfather,266_ftmmother,0.0
266_ftm,266_ftmego268,M,266_ftmi1,266_ftmi2,0.0
266_ftm,266_ftmego269,F,266_ftmi1,266_ftmi2,0.0
267_ftm,267_ftmego,F,267_ftmfather,267_ftmmother,0.0
270_ftm,270_ftmego,M,270_ftmfather,270_ftmmother,1.0
270_ftm,270_ftmego272,F,270_ftmi1,270_ftmi2,0.0
273_ftm,273_ftmego,F,273_ftmfather,273_ftmmother,0.0
274_ftm,274_ftmego,F,274_ftmfather,274_ftmmother,1.0
275_ftm,275_ftmego,F,275_ftmfather,275_ftmmother,0.0
276_ftm,276_ftmego,M,276_ftmfather,276_ftmmother,0.0
277_ftm,277_ftmego,F,277_ftmfather,277_ftmmother,0.0
278_ftm,278_ftmego,F,278_ftmfather,278_ftmmother,0.0
274a_ftm,274a_ftmego,M,274a_ftmfather,274a_ftmmother,0.0
276a_ftm,276a_ftmego,M,276a_ftmego275a,276a_ftmmother,1.0
276a_ftm,276a_ftmego275a,M,276a_ftmGP1,276a_ftmGP2,0.0
276a_ftm,276a_ftmego279a,F,276a_ftmi1,276a_ftmi2,0.0
277a_ftm,277a_ftmego,M,277a_ftmfather,277a_ftmmother,0.0
278a_ftm,278a_ftmego,M,278a_ftmfather,278a_ftmmother,0.0
286_ftm,286_ftmego,M,286_ftmfather,286_ftmmother,1.0
287_ftm,287_ftmego,M,287_ftmfather,287_ftmmother,0.0
288_ftm,288_ftmego,F,288_ftmfather,288_ftmmother,0.0
289_ftm,289_ftmego,F,289_ftmfather,289_ftmmother,0.0
290_ftm,290_ftmego,M,290_ftmfather,290_ftmmother,1.0
291_ftm,291_ftmego,M,291_ftmfather,291_ftmmother,0.0
291_ftm,291_ftmego292,F,291_ftmi1,291_ftmi2,0.0
294_ftm,294_ftmego,M,294_ftmfather,294_ftmmother,0.0
295_ftm,295_ftmego,M,295_ftmfather,295_ftmmother,1.0
296_ftm,296_ftmego,M,296_ftmfather,296_ftmmother,0.0
297_ftm,297_ftmego,M,297_ftmfather,297_ftmmother,0.0
298_ftm,298_ftmego,F,298_ftmfather,298_ftmmother,0.0
299_ftm,299_ftmego,M,299_ftmfather,299_ftmmother,0.0
300_ftm,300_ftmego,M,300_ftmfather,300_ftmmother,0.0
301_ftm,301_ftmego,M,301_ftmfather,301_ftmmother,0.0
302_ftm,302_ftmego,M,302_ftmfather,302_ftmmother,0.0
001_lbj,001_lbjego,M,001_lbjfather,001_lbjmother,1.0
002_lbj,002_lbjego,M,002_lbjfather,002_lbjmother,0.0
003_lbj,003_lbjego,F,003_lbjfather,003_lbjmother,0.0
004_lbj,004_lbjego,M,004_lbjfather,004_lbjmother,0.0
013_lbj,013_lbjego,M,013_lbjfather,013_lbjmother,0.0
014_lbj,014_lbjego,M,014_lbjfather,014_lbjmother,0.0
015_lbj,015_lbjego,M,015_lbjfather,015_lbjmother,0.0
016_lbj,016_lbjego,M,016_lbjfather,016_lbjmother,0.0
017_lbj,017_lbjego,M,017_lbjfather,017_lbjmother,0.0
018_lbj,018_lbjego,M,018_lbjfather,018_lbjmother,0.0
019_lbj,019_lbjego,M,019_lbjfather,019_lbjmother,0.0
020_lbj,020_lbjego,M,020_lbjfather,020_lbjmother,0.0
021_lbj,021_lbjego,M,021_lbjfather,021_lbjmother,0.0
022_wrut,022_wrutego,M,022_wrutfather,022_wrutmother,0.0
023_wrut,023_wrutego,M,023_wrutfather,023_wrutmother,0.0
024_wrut,024_wrutego,M,024_wrutfather,024_wrutmother,0.0
025_wrut,025_wrutego,M,025_wrutfather,025_wrutmother,0.0
026_wrut,026_wrutego,M,026_wrutfather,026_wrutmother,0.0
027_wrut,027_wrutego,M,027_wrutfather,027_wrutmother,0.0
028_wrut,028_wrutego,M,028_wrutfather,028_wrutmother,0.0
029_wrut,029_wrutego,M,029_wrutfather,029_wrutmother,0.0
030_wrut,030_wrutego,M,030_wrutfather,030_wrutmother,0.0
031_wrut,031_wrutego,M,031_wrutfather,031_wrutmother,0.0
032_wrut,032_wrutego,M,032_wrutfather,032_wrutmother,0.0
034_wrut,034_wrutego,M,034_wrutfather,034_wrutmother,0.0
036_wrut,036_wrutego,M,036_wrutfather,036_wrutmother,0.0
037_wrut,037_wrutego,M,037_wrutfather,037_wrutmother,0.0
039_wrut,039_wrutego,M,039_wrutfather,039_wrutmother,0.0
041_wrut,041_wrutego,M,041_wrutfather,041_wrutmother,0.0
043_wrut,043_wrutego,M,043_wrutfather,043_wrutmother,1.0
044_wrut,044_wrutego,M,044_wrutfather,044_wrutmother,0.0
045_wrut,045_wrutego,M,045_wrutfather,045_wrutmother,0.0
046_wrut,046_wrutego,M,046_wrutfather,046_wrutmother,0.0
047_wrut,047_wrutego,M,047_wrutfather,047_wrutmother,0.0
048_wrut,048_wrutego,M,048_wrutfather,048_wrutmother,0.0
050_wrut,050_wrutego,M,050_wrutfather,050_wrutmother,1.0
051_wrut,051_wrutego,M,051_wrutfather,051_wrutmother,0.0
052_wrut,052_wrutego,M,052_wrutfather,052_wrutmother,0.0
053_wrut,053_wrutego,M,053_wrutfather,053_wrutmother,0.0
054_wrut,054_wrutego,M,054_wrutfather,054_wrutmother,0.0
055_wrut,055_wrutego,M,055_wrutfather,055_wrutmother,0.0
056_wrut,056_wrutego,M,056_wrutfather,056_wrutmother,0.0
057_wrut,057_wrutego,M,057_wrutfather,057_wrutmother,0.0
058_wrut,058_wrutego,M,058_wrutfather,058_wrutmother,0.0
059_wrut,059_wrutego,F,059_wrutfather,059_wrutmother,0.0
060_wrut,060_wrutego,M,060_wrutfather,060_wrutmother,0.0
061_wrut,061_wrutego,F,061_wrutfather,061_wrutmother,0.0
062_wrut,062_wrutego,F,062_wrutfather,062_wrutmother,0.0
063_wrut,063_wrutego,M,063_wrutfather,063_wrutmother,0.0
064_wrut,064_wrutego,M,064_wrutfather,064_wrutmother,1.0
065_wrut,065_wrutego,M,065_wrutfather,065_wrutmother,0.0
066_wrut,066_wrutego,M,066_wrutfather,066_wrutmother,0.0
067_wrut,067_wrutego,M,067_wrutfather,067_wrutmother,0.0
068_wrut,068_wrutego,M,068_wrutfather,068_wrutmother,0.0
069_wrut,069_wrutego,M,069_wrutfather,069_wrutmother,0.0
070_wrut,070_wrutego,M,070_wrutfather,070_wrutmother,0.0
071_wrut,071_wrutego,M,071_wrutfather,071_wrutmother,0.0
072_wrut,072_wrutego,M,072_wrutfather,072_wrutmother,0.0
074_wrut,074_wrutego,F,074_wrutfather,074_wrutmother,0.0
075_wrut,075_wrutego,M,075_wrutfather,075_wrutmother,0.0
076_wrut,076_wrutego,M,076_wrutfather,076_wrutmother,0.0
077_wrut,077_wrutego,F,077_wrutfather,077_wrutmother,1.0
078_wrut,078_wrutego,F,078_wrutfather,078_wrutmother,0.0
079_wrut,079_wrutego,F,079_wrutfather,079_wrutmother,0.0
080_wrut,080_wrutego,M,080_wrutfather,080_wrutmother,0.0
081_wrut,081_wrutego,M,081_wrutfather,081_wrutmother,0.0
082_wrut,082_wrutego,M,082_wrutfather,082_wrutmother,0.0
083_wrut,083_wrutego,M,083_wrutfather,083_wrutmother,0.0
084_wrut,084_wrutego,M,084_wrutfather,084_wrutmother,0.0
085_wrut,085_wrutego,M,085_wrutfather,085_wrutmother,0.0
086_wrut,086_wrutego,F,086_wrutfather,086_wrutmother,0.0
087_wrut,087_wrutego,M,087_wrutfather,087_wrutmother,0.0
088_wrut,088_wrutego,M,088_wrutfather,088_wrutmother,0.0
089_wrut,089_wrutego,M,089_wrutfather,089_wrutmother,0.0
090_wrut,090_wrutego,M,090_wrutfather,090_wrutmother,0.0
091_wrut,091_wrutego,M,091_wrutfather,091_wrutmother,0.0
092_wrut,092_wrutego,M,092_wrutfather,092_wrutmother,0.0
093_wrut,093_wrutego,F,093_wrutfather,093_wrutmother,0.0
094_wrut,094_wrutego,M,094_wrutfather,094_wrutmother,0.0
095_wrut,095_wrutego,M,095_wrutfather,095_wrutmother,0.0
096_wrut,096_wrutego,M,096_wrutfather,096_wrutmother,0.0
097_wrut,097_wrutego,F,097_wrutfather,097_wrutmother,0.0
098_wrut,098_wrutego,M,098_wrutfather,098_wrutmother,0.0
098b_wrut,098b_wrutego,M,098b_wrutfather,098b_wrutmother,0.0
099_wrut,099_wrutego,M,099_wrutfather,099_wrutmother,0.0
100_wrut,100_wrutego,M,100_wrutfather,100_wrutmother,0.0
101_wrut,101_wrutego,M,101_wrutfather,101_wrutmother,0.0
102_wrut,102_wrutego,M,102_wrutfather,102_wrutmother,0.0
103_wrut,103_wrutego,M,103_wrutfather,103_wrutmother,0.0
104_wrut,104_wrutego,M,104_wrutfather,104_wrutmother,0.0
105_wrut,105_wrutego,M,105_wrutfather,105_wrutmother,0.0
106_wrut,106_wrutego,M,106_wrutfather,106_wrutmother,0.0
108_wrut,108_wrutego,M,108_wrutfather,108_wrutmother,0.0
109_wrut,109_wrutego,M,109_wrutfather,109_wrutmother,0.0
112_wrut,112_wrutego,M,112_wrutfather,112_wrutmother,0.0
114_wrut,114_wrutego,M,114_wrutfather,114_wrutmother,0.0
110_wrut,110_wrutego,F,110_wrutfather,110_wrutmother,0.0
115_nrut,115_nrutego,M,115_nrutfather,115_nrutmother,0.0
116_nrut,116_nrutego,M,116_nrutfather,116_nrutmother,0.0
117_nrut,117_nrutego,F,117_nrutfather,117_nrutmother,0.0
118_nrut,118_nrutego,M,118_nrutfather,118_nrutmother,0.0
120_nrut,120_nrutego,M,120_nrutfather,120_nrutmother,0.0
122_nrut,122_nrutego,M,122_nrutfather,122_nrutmother,0.0
123_nrut,123_nrutego,M,123_nrutfather,123_nrutmother,0.0
124_nrut,124_nrutego,M,124_nrutfather,124_nrutmother,0.0
126_nrut,126_nrutego,M,126_nrutfather,126_nrutmother,0.0
129_nrut,129_nrutego,M,129_nrutfather,129_nrutmother,0.0
131b_nrut,131b_nrutego,M,131b_nrutfather,131b_nrutmother,0.0
132_nrut,132_nrutego,M,132_nrutfather,132_nrutmother,1.0
133_nrut,133_nrutego,M,133_nrutfather,133_nrutmother,0.0
134_nrut,134_nrutego,M,134_nrutfather,134_nrutmother,1.0
135_nrut,135_nrutego,F,135_nrutfather,135_nrutmother,0.0
136_nrut,136_nrutego,M,136_nrutfather,136_nrutmother,0.0
137_nrut,137_nrutego,M,137_nrutfather,137_nrutmother,0.0
139_nrut,139_nrutego,F,139_nrutfather,139_nrutmother,0.0
140_nrut,140_nrutego,F,140_nrutfather,140_nrutmother,0.0
141_nrut,141_nrutego,M,141_nrutfather,141_nrutmother,0.0
143_nrut,143_nrutego,M,143_nrutfather,143_nrutmother,1.0
144_nrut,144_nrutego,M,144_nrutfather,144_nrutmother,0.0
145_srut,145_srutego,M,145_srutfather,145_srutmother,0.0
146_srut,146_srutego,F,146_srutfather,146_srutmother,0.0
147_srut,147_srutego,M,147_srutfather,147_srutmother,1.0
148_srut,148_srutego,M,148_srutfather,148_srutmother,0.0
149_srut,149_srutego,M,149_srutfather,149_srutmother,1.0
150_srut,150_srutego,M,150_srutfather,150_srutmother,0.0
151_srut,151_srutego,M,151_srutfather,151_srutmother,0.0
152_srut,152_srutego,M,152_srutfather,152_srutmother,0.0
153_srut,153_srutego,M,153_srutfather,153_srutmother,0.0
154_srut,154_srutego,M,154_srutfather,154_srutmother,0.0
155_srut,155_srutego,M,155_srutfather,155_srutmother,0.0
156_srut,156_srutego,M,156_srutfather,156_srutmother,0.0
157_srut,157_srutego,M,157_srutfather,157_srutmother,0.0
158_srut,158_srutego,M,158_srutfather,158_srutmother,0.0
159_srut,159_srutego,M,159_srutfather,159_srutmother,0.0
161_srut,161_srutego,M,161_srutfather,161_srutmother,0.0
162_srut,162_srutego,M,162_srutfather,162_srutmother,0.0
164_srut,164_srutego,M,164_srutfather,164_srutmother,0.0
165_srut,165_srutego,M,165_srutfather,165_srutmother,1.0
167_srut,167_srutego,M,167_srutfather,167_srutmother,0.0
168_srut,168_srutego,M,168_srutfather,168_srutmother,0.0
169_srut,169_srutego,F,169_srutfather,169_srutmother,0.0
170_srut,170_srutego,M,170_srutfather,170_srutmother,0.0
171_srut,171_srutego,M,171_srutfather,171_srutmother,0.0
174_srut,174_srutego,M,174_srutfather,174_srutmother,0.0
175_srut,175_srutego,M,175_srutfather,175_srutmother,0.0
176_srut,176_srutego,M,176_srutfather,176_srutmother,0.0
177_srut,177_srutego,M,177_srutfather,177_srutmother,0.0
178_srut,178_srutego,M,178_srutfather,178_srutmother,0.0
179_srut,179_srutego,M,179_srutfather,179_srutmother,0.0
180_nrut,180_nrutego,M,180_nrutfather,180_nrutmother,0.0
181_nrut,181_nrutego,F,181_nrutfather,181_nrutmother,0.0
182_nrut,182_nrutego,M,182_nrutfather,182_nrutmother,0.0
183_nrut,183_nrutego,M,183_nrutfather,183_nrutmother,0.0
184_nrut,184_nrutego,M,184_nrutfather,184_nrutmother,0.0
185_nrut,185_nrutego,M,185_nrutfather,185_nrutmother,0.0
186_nrut,186_nrutego,M,186_nrutfather,186_nrutmother,0.0
187_nrut,187_nrutego,M,187_nrutfather,187_nrutmother,0.0
189_nrut,189_nrutego,M,189_nrutfather,189_nrutmother,0.0
190_nrut,190_nrutego,F,190_nrutfather,190_nrutmother,0.0
191_nrut,191_nrutego,M,191_nrutfather,191_nrutmother,0.0
192_nrut,192_nrutego,M,192_nrutfather,192_nrutmother,1.0
193_nrut,193_nrutego,M,193_nrutfather,193_nrutmother,0.0
194_nrut,194_nrutego,M,194_nrutfather,194_nrutmother,0.0
196_nrut,196_nrutego,M,196_nrutfather,196_nrutmother,0.0
197_nrut,197_nrutego,M,197_nrutfather,197_nrutmother,0.0
198a_nrut,198a_nrutego,M,198a_nrutfather,198a_nrutmother,0.0
199_nrut,199_nrutego,M,199_nrutfather,199_nrutmother,0.0
200_nrut,200_nrutego,M,200_nrutfather,200_nrutmother,1.0
201_nrut,201_nrutego,M,201_nrutfather,201_nrutmother,0.0
203_nrut,203_nrutego,M,203_nrutfather,203_nrutmother,0.0
204_nrut,204_nrutego,F,204_nrutfather,204_nrutmother,0.0
205_nrut,205_nrutego,M,205_nrutfather,205_nrutmother,1.0
207_nrut,207_nrutego,F,207_nrutfather,207_nrutmother,0.0
208_todo,208_todoego,M,208_todofather,208_todomother,0.0
209_todo,209_todoego,M,209_todofather,209_todomother,0.0
211_todo,211_todoego,F,211_todofather,211_todomother,0.0
214_todo,214_todoego,M,214_todofather,214_todomother,0.0
215_todo,215_todoego,M,215_todofather,215_todomother,0.0
217_todo,217_todoego,M,217_todofather,217_todomother,0.0
218_todo,218_todoego,M,218_todofather,218_todomother,0.0
219_todo,219_todoego,M,219_todofather,219_todomother,0.0
221_todo,221_todoego,F,221_todofather,221_todomother,0.0
222_todo,222_todoego,M,222_todofather,222_todomother,0.0
223_todo,223_todoego,F,223_todofather,223_todomother,0.0
225_todo,225_todoego,M,225_todofather,225_todomother,0.0
226_todo,226_todoego,M,226_todofather,226_todomother,0.0
227_todo,227_todoego,M,227_todofather,227_todomother,0.0
228_todo,228_todoego,M,228_todofather,228_todomother,0.0
229_todo,229_todoego,M,229_todofather,229_todomother,0.0
230_todo,230_todoego,M,230_todofather,230_todomother,0.0
231_todo,231_todoego,M,231_todofather,231_todomother,0.0
232_todo,232_todoego,M,232_todofather,232_todomother,0.0
234_todo,234_todoego,F,234_todofather,234_todomother,0.0
235_todo,235_todoego,M,235_todofather,235_todomother,0.0
236_todo,236_todoego,M,236_todofather,236_todomother,0.0
237_todo,237_todoego,M,237_todofather,237_todomother,0.0
238_todo,238_todoego,M,238_todofather,238_todomother,0.0
239_todo,239_todoego,M,239_todofather,239_todomother,0.0
240_todo,240_todoego,F,240_todofather,240_todomother,0.0
241_todo,241_todoego,M,241_todofather,241_todomother,0.0
242_todo,242_todoego,F,242_todofather,242_todomother,0.0
243_todo,243_todoego,M,243_todofather,243_todomother,0.0
244_todo,244_todoego,F,244_todofather,244_todomother,0.0
245_todo,245_todoego,M,245_todofather,245_todomother,0.0
251b_todo,246_todoego,F,251b_todos1,251b_todos1wife,1.0
247_todo,247_todoego,F,247_todofather,247_todomother,0.0
248_todo,248_todoego,M,248_todofather,248_todomother,0.0
249_todo,249_todoego,M,249_todofather,249_todomother,0.0
250_todo,250_todoego,M,250_todofather,250_todomother,1.0
251_todo,251_todoego,M,251_todofather,251_todomother,0.0
251b_todo,251b_todoego,M,251b_todofather,251b_todomother,1.0
252_todo,252_todoego,F,252_todofather,252_todomother,1.0
253_todo,253_todoego,M,253_todofather,253_todomother,0.0
254b_rutl,254b_rutlego,F,254b_rutlfather,254b_rutlmother,1.0
255_rutl,255_rutlego,M,255_rutlfather,255_rutlmother,0.0
256_rutl,256_rutlego,F,256_rutlfather,256_rutlmother,1.0
257_rutl,257_rutlego,M,257_rutlfather,257_rutlmother,0.0
258_rutl,258_rutlego,M,258_rutlfather,258_rutlmother,0.0
259_rutl,259_rutlego,F,259_rutlfather,259_rutlmother,0.0
260_rutl,260_rutlego,M,260_rutlfather,260_rutlmother,0.0
261_rutl,261_rutlego,F,261_rutlfather,261_rutlmother,0.0
262_rutl,262_rutlego,M,262_rutlfather,262_rutlmother,0.0
263_rutl,263_rutlego,M,263_rutlfather,263_rutlmother,0.0
264_rutl,264_rutlego,F,264_rutlfather,264_rutlmother,0.0
265_rutl,265_rutlego,F,265_rutlfather,265_rutlmother,0.0
266_rutl,266_rutlego,M,266_rutlfather,266_rutlmother,0.0
267_rutl,267_rutlego,F,267_rutlfather,267_rutlmother,0.0
268_rutl,268_rutlego,F,268_rutlfather,268_rutlmother,0.0
269_rutl,269_rutlego,M,269_rutlfather,269_rutlmother,0.0
270_rutl,270_rutlego,M,270_rutlfather,270_rutlmother,0.0
271_rutl,271_rutlego,M,271_rutlfather,271_rutlmother,0.0
272_rutl,272_rutlego,F,272_rutlfather,272_rutlmother,0.0
273_rutl,273_rutlego,F,273_rutlfather,273_rutlmother,0.0
274_rutl,274_rutlego,M,274_rutlfather,274_rutlmother,0.0
275_rutl,275_rutlego,M,275_rutlfather,275_rutlmother,0.0
276_rutl,276_rutlego,F,276_rutlfather,276_rutlmother,0.0
279_lbj,279_lbjego,M,279_lbjfather,279_lbjmother,0.0
280_lbj,280_lbjego,M,280_lbjfather,280_lbjmother,0.0
281_lbj,281_lbjego,F,281_lbjfather,281_lbjmother,0.0
282_lbj,282_lbjego,M,282_lbjfather,282_lbjmother,1.0
283_lbj,283_lbjego,M,283_lbjfather,283_lbjmother,1.0
284_lbj,284_lbjego,M,284_lbjfather,284_lbjmother,0.0
285_lbj,285_lbjego,M,285_lbjfather,285_lbjmother,0.0
286_lbj,286_lbjego,M,286_lbjfather,286_lbjmother,0.0
287_lbj,287_lbjego,F,287_lbjfather,287_lbjmother,0.0
288_lbj,288_lbjego,F,288_lbjfather,288_lbjmother,0.0
289_lbj,289_lbjego,F,289_lbjfather,289_lbjmother,0.0
291_lbj,291_lbjego,M,291_lbjfather,291_lbjmother,0.0
292_lbj,292_lbjego,F,292_lbjfather,292_lbjmother,0.0
293_lbj,293_lbjego,M,293_lbjfather,293_lbjmother,0.0
294_lbj,294_lbjego,M,294_lbjfather,294_lbjmother,0.0
295_lbj,295_lbjego,M,295_lbjfather,295_lbjmother,0.0
296_lbj,296_lbjego,M,296_lbjfather,296_lbjmother,0.0
297_lbj,297_lbjego,M,297_lbjfather,297_lbjmother,0.0
298_lbj,298_lbjego,M,298_lbjfather,298_lbjmother,0.0
299_lbj,299_lbjego,M,299_lbjfather,299_lbjmother,0.0
